,Best Model,Accuracy
JNJ,XGBoost,0.7272727272727273
PFE,XGBoost,0.6060606060606061
MRK,KNN,0.6060606060606061
ABT,KNN,0.7272727272727273
UNH,Random Forest,0.6060606060606061
