,Best Model,MSE
JNJ,Gradient Boosting,0.0066476300582187
PFE,Random Forest,0.0049429649714444
MRK,Linear Regression,0.0290290985766624
ABT,Random Forest,0.0129905688956526
UNH,Gradient Boosting,0.1191658881635533
